{
  "timestamp": "2026-04-24 09:08:55.384378",
  "avg_clip_score": 0.6877426925827476,
  "flag_rate": 0.7941176470588235,
  "drift_detected": true,
  "total_scans": 34
}